id_persona,region,sexo,edad,educacion_anios,experiencia_anios,ingreso_mensual,formal,sector
1,Cusco,Hombre,47,12.0,28,3346.26,No,Manufactura
2,Loreto,Hombre,49,16.0,26,3539.82,Si,Manufactura
3,Puno,Mujer,48,16.0,25,3439.7,Si,Manufactura
4,Piura,Mujer,25,11.0,7,1761.23,No,Manufactura
5,Lima,Mujer,54,12.0,35,3329.64,Si,Comercio
6,Lima,Mujer,60,16.0,37,,No,Manufactura
7,Lima,Hombre,56,14.0,35,3437.37,Si,Construccion
8,Ica,Hombre,43,16.0,20,3221.98,No,Construccion
9,lima,Mujer,48,16.0,25,3007.82,Si,Comercio
10,Junin,Hombre,50,12.0,31,3296.33,No,Manufactura
11,Lima,Mujer,54,11.0,36,2556.99,Si,Manufactura
12,Loreto,Mujer,52,16.0,29,3391.83,No,Manufactura
13,Ancash,Mujer,40,,22,4262.1,Si,Transporte
14,Lima,Mujer,51,14.0,30,2740.05,Si,Servicios
15,Lima,Hombre,42,18.0,17,3499.3,No,Transporte
16,Lima,Mujer,52,14.0,31,3283.99,Si,Servicios
17,Arequipa,Hombre,22,12.0,3,2109.26,No,Manufactura
18,Piura,Hombre,37,16.0,14,3582.71,No,Manufactura
19,La Libertad,Mujer,44,14.0,23,3910.0,Si,Transporte
20,Arequipa,Hombre,50,14.0,29,3538.59,No,Transporte
21,Piura,Hombre,22,18.0,0,3164.5,Si,Servicios
22,Lima,Mujer,59,12.0,40,3815.23,No,Construccion
23,Arequipa,Hombre,130,18.0,18,3238.79,Si,Servicios
24,Cusco,Mujer,51,18.0,26,3497.92,Si,Transporte
25,La Libertad,Mujer,41,12.0,22,2765.78,No,Transporte
26,Puno,Mujer,42,11.0,24,2623.83,No,Comercio
27,Lima,Hombre,21,11.0,3,2919.77,Si,Transporte
28,La Libertad,Hombre,46,11.0,28,3507.46,No,Comercio
29,Piura,Mujer,21,11.0,3,2466.22,Si,Construccion
30,Lima,Mujer,45,16.0,22,3710.58,Si,Servicios
31,Piura,Hombre,36,11.0,18,2857.87,Si,Servicios
32,Lima,Mujer,59,12.0,40,3434.75,Si,Comercio
33,Lima,Mujer,52,16.0,29,3578.03,Si,Servicios
34,Loreto,Hombre,28,11.0,10,2791.42,Si,Transporte
35,Loreto,Hombre,58,16.0,35,3698.32,No,Manufactura
36,Ancash,Mujer,48,12.0,29,3217.06,No,Comercio
37,Arequipa,Hombre,45,11.0,27,1796.5,No,Servicios
38,Lima,Hombre,54,16.0,31,4069.7,Si,Comercio
39,Junin,Mujer,44,16.0,21,3523.76,Si,Comercio
40,Lima ,Hombre,43,16.0,20,3786.43,No,Manufactura
41,Lima,Mujer,32,16.0,9,2812.79,No,Transporte
42,La Libertad,Hombre,26,16.0,3,3935.62,Si,Comercio
43,Lima,Hombre,55,12.0,36,2625.21,No,Servicios
44,Ica,Hombre,39,12.0,20,1836.35,No,Construccion
45,Arequipa,Mujer,20,16.0,0,,No,Comercio
46,Junin,Hombre,27,16.0,4,2558.0,No,Comercio
47,Arequipa,Mujer,35,18.0,10,2953.89,Si,Manufactura
48,Piura,Mujer,33,14.0,12,3207.62,Si,Transporte
49,Piura,Mujer,31,12.0,12,2382.77,No,Construccion
50,Lima,Hombre,42,16.0,19,3713.75,No,Servicios
51,Loreto,Hombre,34,12.0,15,3595.33,Si,Construccion
52,Puno,Mujer,47,18.0,22,3962.43,Si,Servicios
53,Loreto,Hombre,53,16.0,30,3506.83,Si,Transporte
54,Ica,Mujer,21,14.0,0,2469.12,No,Servicios
55,Piura,Hombre,51,16.0,28,3520.74,No,Manufactura
56,Ica,Mujer,42,16.0,19,3869.37,Si,Manufactura
57,Lima,Hombre,41,11.0,23,2808.49,Si,Manufactura
58,Lima,Mujer,44,18.0,19,-150.0,Si,Manufactura
59,Lima,Hombre,41,14.0,20,3329.22,No,Construccion
60,Cusco,Mujer,41,16.0,18,3706.7,No,Transporte
61,Cusco,Mujer,25,12.0,6,2743.26,No,Servicios
62,Arequipa,Mujer,34,16.0,11,3470.27,Si,Servicios
63,Ancash,Hombre,56,12.0,37,3154.82,Si,Manufactura
64,Cusco,Hombre,52,11.0,34,3438.32,Si,Manufactura
65,Arequipa,Mujer,27,18.0,2,2900.27,Si,Comercio
66,AREQUIPA,Hombre,24,11.0,6,1990.95,No,Transporte
67,Lima,Hombre,58,12.0,39,3588.75,No,Construccion
68,Ancash,Hombre,23,18.0,0,3220.92,No,Servicios
69,Lima,Hombre,25,18.0,0,2883.61,No,Comercio
70,Loreto,Mujer,51,14.0,30,3838.11,Si,Comercio
71,Puno,Mujer,49,16.0,26,3831.74,No,Servicios
72,Lima,Hombre,54,14.0,33,2998.06,No,Construccion
73,Lima,Hombre,59,12.0,40,2707.67,No,Comercio
74,Ancash,Hombre,35,,16,2966.91,Si,Comercio
75,Junin,Mujer,32,16.0,9,3809.08,Si,Transporte
76,Puno,Mujer,49,16.0,26,4140.7,Si,Construccion
77,Puno,Hombre,38,16.0,15,3887.41,No,Comercio
78,Lima,Hombre,36,16.0,13,,Si,Construccion
79,Cusco,Hombre,38,11.0,20,2425.5,Si,Servicios
80,Lima,Hombre,47,14.0,26,3299.03,No,Manufactura
81,Ica,Hombre,45,11.0,27,2763.88,Si,Comercio
82,Junin,Mujer,56,14.0,35,3232.94,Si,Transporte
83,Cusco,Mujer,45,14.0,24,3500.37,Si,Servicios
84,Lima,Hombre,42,16.0,19,3719.35,No,Construccion
85,Arequipa,Hombre,28,12.0,9,2634.47,Si,Servicios
86,Cusco,Mujer,31,11.0,13,1340.03,No,Comercio
87,Puno,Mujer,20,12.0,1,2652.59,Si,Construccion
88,Junin,Hombre,20,16.0,0,3969.61,No,Manufactura
89,Ica,Mujer,53,16.0,30,3633.72,Si,Servicios
90,La Libertad,Mujer,51,11.0,33,3099.26,Si,Comercio
91,Lima,Hombre,44,11.0,26,3584.57,No,Transporte
92,Puno,Hombre,59,16.0,36,,Si,Construccion
93,Puno,Hombre,20,11.0,2,2758.99,Si,Servicios
94,Piura,Mujer,35,16.0,12,3659.35,Si,Servicios
95,Puno,Hombre,58,16.0,35,3566.36,No,Manufactura
96,La Libertad,Mujer,24,11.0,6,1665.71,No,Manufactura
97,Piura,Mujer,41,11.0,23,1968.5,No,Transporte
98,La Libertad,Hombre,48,18.0,23,4961.22,Si,Transporte
99,Lima,Hombre,-4,12.0,3,2912.9,Si,Comercio
100,Lima,Hombre,31,12.0,12,3165.44,Si,Comercio
101,Lima,Hombre,45,16.0,22,3798.8,Si,Transporte
102,Junin,Hombre,35,18.0,10,4196.48,Si,Transporte
103,Arequipa,Mujer,56,18.0,31,5129.76,Si,Construccion
104,La Libertad,Mujer,41,16.0,18,3831.18,Si,Manufactura
105,cusco,Mujer,48,12.0,29,2486.71,No,Comercio
106,Arequipa,Mujer,33,11.0,15,2823.72,Si,Manufactura
107,Cusco,Hombre,47,16.0,24,4345.55,Si,Manufactura
108,Puno,Mujer,24,14.0,3,2197.89,No,Transporte
109,Arequipa,Hombre,49,14.0,28,4019.91,Si,Construccion
110,Lima,Hombre,24,18.0,0,1995.67,No,Servicios
111,Arequipa,Hombre,31,11.0,13,2462.7,No,Construccion
112,Lima,Hombre,35,14.0,14,3263.26,No,Construccion
113,Ica,Hombre,45,11.0,27,3811.71,Si,Manufactura
114,Ancash,Hombre,45,14.0,24,2785.29,No,Construccion
115,Junin,Mujer,40,11.0,22,2333.16,Si,Comercio
116,Ica,Hombre,58,11.0,40,3102.67,Si,Manufactura
117,Ancash,Mujer,55,11.0,37,2557.71,Si,Comercio
118,Lima,Mujer,52,16.0,29,3204.28,No,Servicios
119,Ica,Hombre,49,16.0,26,3879.61,Si,Manufactura
120,Piura,Mujer,56,14.0,35,2870.13,Si,Servicios
15,Lima,Hombre,42,18.0,17,3499.3,No,Transporte
56,Ica,Mujer,42,16.0,19,3869.37,Si,Manufactura
